{
  "extends": ["next/core-web-vitals", "plugin:@typescript-eslint/recommended"],
  "parser": "@typescript-eslint/parser",
  "parserOptions": {
    "ecmaVersion": 2020,
    "sourceType": "module",
    "ecmaFeatures": {
      "jsx": true
    }
  },
  "plugins": ["@typescript-eslint"],
  "rules": {
    "@typescript-eslint/no-explicit-any": "error",
    "@typescript-eslint/explicit-function-return-type": "off",
    "@typescript-eslint/explicit-module-boundary-types": "off",
    "@typescript-eslint/no-unused-vars": [
      "error",
      {
        "argsIgnorePattern": "^_",
        "varsIgnorePattern": "^_"
      }
    ],
    "no-console": [
      "warn",
      {
        "allow": ["warn", "error"]
      }
    ],
    "prefer-const": "error",
    "no-var": "error"
  },
  "overrides": [
    {
      "files": ["*.js"],
      "rules": {
        "@typescript-eslint/no-var-requires": "off"
      }
    }
  ]
}
