<?xml version="1.0" encoding="UTF-8"?>
<soap:Envelope xmlns:soap="http://schemas.xmlsoap.org/soap/envelope/"
               xmlns:xsi="http://www.w3.org/2001/XMLSchema-instance"
               xmlns:xsd="http://www.w3.org/2001/XMLSchema">
  <soap:Header/>
  <soap:Body>
    <ConsultarLoteEventos xmlns="http://www.esocial.gov.br/servicos/empregador/lote/eventos/envio/consulta/retornoProcessamento/v1_3_0">
      <consulta>
        <protocoloEnvio>1.2.20250917.46410</protocoloEnvio>
      </consulta>
    </ConsultarLoteEventos>
  </soap:Body>
</soap:Envelope>