<?xml version="1.0" encoding="UTF-8"?>
<soap:Envelope xmlns:soap="http://schemas.xmlsoap.org/soap/envelope/"
               xmlns:evt="http://www.esocial.gov.br/schema/lote/eventos/envio/v1_3_0"
               xmlns:emp="http://www.esocial.gov.br/schema/evt/evtInfoEmpregador/v_S_01_03_00">
  <soap:Header/>
  <soap:Body>
    <EnviarLoteEventos>
      <ideEmpregador>
        <tpInsc>2</tpInsc>
        <nrInsc>59876913700</nrInsc>
      </ideEmpregador>
      <ideTransmissor>
        <tpInsc>2</tpInsc>
        <nrInsc>59876913700</nrInsc>
      </ideTransmissor>
      <eventos>
        <evento id="ID1">
          <emp:eSocial>
            <emp:evtInfoEmpregador>
              <emp:ideEvento>
                <emp:tpAmb>1</emp:tpAmb>
                <emp:procEmi>1</emp:procEmi>
                <emp:verProc>1.0</emp:verProc>
              </emp:ideEvento>
              <emp:ideEmpregador>
                <emp:tpInsc>2</emp:tpInsc>
                <emp:nrInsc>59876913700</emp:nrInsc>
              </emp:ideEmpregador>
              <emp:infoEmpregador>
                <emp:nmRazao>FLP Business Strategy</emp:nmRazao>
                <emp:classTrib>01</emp:classTrib>
              </emp:infoEmpregador>
            </emp:evtInfoEmpregador>
          </emp:eSocial>
        </evento>
      </eventos>
    </EnviarLoteEventos>
  </soap:Body>
</soap:Envelope>