<s:Envelope xmlns:s="http://schemas.xmlsoap.org/soap/envelope/"><s:Body><ConsultarLoteEventosResponse xmlns="http://www.esocial.gov.br/servicos/empregador/lote/eventos/envio/consulta/retornoProcessamento/v1_1_0"><ConsultarLoteEventosResult><eSocial xmlns="http://www.esocial.gov.br/schema/lote/eventos/envio/retornoProcessamento/v1_3_0" xmlns:xsd="http://www.w3.org/2001/XMLSchema" xmlns:xsi="http://www.w3.org/2001/XMLSchema-instance"><retornoProcessamentoLoteEventos><status><cdResposta>501</cdResposta><descResposta>Solicitação de consulta incorreta - Erro preenchimento.</descResposta><ocorrencias><ocorrencia><codigo>748</codigo><descricao>O protocolo informado é inválido.</descricao><tipo>1</tipo></ocorrencia></ocorrencias></status></retornoProcessamentoLoteEventos></eSocial></ConsultarLoteEventosResult></ConsultarLoteEventosResponse></s:Body></s:Envelope>