{
  "version": 2,
  "builds": [
    {
      "src": "package.json",
      "use": "@vercel/next"
    }
  ],
  "routes": [
    {
      "src": "/(.*)",
      "dest": "/$1"
    }
  ],
  "env": {
    "NODE_ENV": "production"
  },
  "functions": {
    "src/pages/api/**/*.ts": {
      "runtime": "nodejs18.x"
    }
  },
  "headers": [
    {
      "source": "/(.*)",
      "headers": [
        {
          "key": "X-Content-Type-Options",
          "value": "nosniff"
        },
        {
          "key": "X-Frame-Options",
          "value": "DENY"
        },
        {
          "key": "X-XSS-Protection",
          "value": "1; mode=block"
        }
      ]
    }
  ]
}
